quantidade,usuarios
16,"{'nome': 'Fulano da Silva', 'email': 'beltrano@qa.com.br', 'password': 'teste', 'administrador': 'true', '_id': '1BT56E1hszXlCdsj'}"
16,"{'nome': 'Luiz Henrique Teixeira', 'email': 'liviapinto@example.net', 'password': 'Teste123', 'administrador': 'true', '_id': 'BKMhujdBjI0wiXUs'}"
16,"{'nome': 'Sarah Ferreira', 'email': 'costaluiz-gustavo@example.org', 'password': 'Teste123', 'administrador': 'true', '_id': 'FtUqpVTw3elhzdCk'}"
16,"{'nome': 'Invalido da Silva', 'email': 'fulano@qa.com', 'password': '123', 'administrador': 'true', '_id': 'GyiM3TryaikkUnth'}"
16,"{'nome': 'Sra. Melissa Rocha', 'email': 'souzaryan@example.net', 'password': 'Teste123', 'administrador': 'true', '_id': 'KvuM5adfzlAE7PVY'}"
16,"{'nome': 'Tony B.', 'email': 'tony1@qa.com.br', 'password': '123', 'administrador': 'true', '_id': 'NlSAMxUfgVXUsFsT'}"
16,"{'nome': 'Emanuelly Fogaça', 'email': 'levi63@example.net', 'password': 'Teste123', 'administrador': 'true', '_id': 'O0kPl2Y2iprOznsu'}"
16,"{'nome': 'Invalido da Silva', 'email': 'invalido@qa.com', 'password': '123', 'administrador': 'true', '_id': 'U6nAiCcDU1HlRoQW'}"
16,"{'nome': 'Tony B.', 'email': 'tony2@qa.com.br', 'password': '123', 'administrador': 'true', '_id': 'UAhQVjyxLwV3QEUZ'}"
16,"{'nome': 'Saul Goodman', 'email': 'bcs@qa.com.br', 'password': 'teste', 'administrador': 'false', '_id': 'cbLwvx8hIaLfUVIv'}"
16,"{'nome': 'Pedro Moraes', 'email': 'nathannogueira@example.org', 'password': 'Teste123', 'administrador': 'true', '_id': 'eRSjKiahWOInhikt'}"
16,"{'nome': 'Pedro Miguel Aragão', 'email': 'tmoraes@example.com', 'password': 'Teste123', 'administrador': 'true', '_id': 'hkEcWavsvXiPC8cx'}"
16,"{'nome': 'Clara Aragão', 'email': 'joao-gabriel28@example.com', 'password': 'Teste123', 'administrador': 'true', '_id': 'inbKL5i1HS8kHoEk'}"
16,"{'nome': 'Pietra Jesus', 'email': 'valentinateixeira@example.com', 'password': 'Teste123', 'administrador': 'true', '_id': 'jXIKSLPXrB2Zb4Ib'}"
16,"{'nome': 'João Felipe Moraes', 'email': 'emanuelly10@example.org', 'password': 'Teste123', 'administrador': 'true', '_id': 'n29eZUW3aM73XH8z'}"
16,"{'nome': 'Daniel Costa', 'email': 'leticia95@example.org', 'password': 'Teste123', 'administrador': 'true', '_id': 'wmuf1TchPb7uQsmC'}"
